<?xml version="1.0" encoding="UTF-8"?>
<jcr:root xmlns:sling="http://sling.apache.org/jcr/sling/1.0" xmlns:cq="http://www.day.com/jcr/cq/1.0" xmlns:jcr="http://www.jcp.org/jcr/1.0" xmlns:nt="http://www.jcp.org/jcr/nt/1.0" xmlns:rep="internal"
    jcr:mixinTypes="[rep:AccessControllable]"
    jcr:primaryType="cq:Page">
    <rep:policy/>
    <wcm jcr:primaryType="nt:unstructured">
        <foundation jcr:primaryType="nt:unstructured">
            <components jcr:primaryType="nt:unstructured">
                <responsivegrid jcr:primaryType="nt:unstructured">
                    <policy_76194888503838
                        cq:styleDefaultClasses="cmp-examples-structure"
                        jcr:primaryType="nt:unstructured"
                        jcr:title="Core Components Examples - Root"
                        sling:resourceType="wcm/core/components/policy/policy"
                        components="[/libs/wcm/foundation/components/responsivegrid,group:Core Components Examples,group:.core-wcm,group:.core-wcm-form]">
                        <cq:authoring jcr:primaryType="nt:unstructured">
                            <assetToComponentMapping jcr:primaryType="nt:unstructured">
                                <mapping_1544531934044
                                    jcr:primaryType="nt:unstructured"
                                    assetGroup="media"
                                    assetMimetype="image/*"
                                    droptarget="image"
                                    resourceType="core-components-examples/components/image"/>
                            </assetToComponentMapping>
                        </cq:authoring>
                        <jcr:content
                            jcr:primaryType="nt:unstructured"
                            mergeList="{Boolean}true"/>
                    </policy_76194888503838>
                    <policy_1545309074617
                        cq:styleDefaultClasses="cmp-examples-structure__main"
                        jcr:primaryType="nt:unstructured"
                        jcr:title="Core Components Examples - Structure"
                        sling:resourceType="wcm/core/components/policy/policy"
                        components="[/libs/wcm/foundation/components/responsivegrid,group:Core Components Examples]">
                        <jcr:content jcr:primaryType="nt:unstructured"/>
                        <cq:authoring jcr:primaryType="nt:unstructured">
                            <assetToComponentMapping jcr:primaryType="nt:unstructured">
                                <mapping_1544531934044
                                    jcr:primaryType="nt:unstructured"
                                    assetGroup="media"
                                    assetMimetype="image/*"
                                    droptarget="image"
                                    resourceType="core-components-examples/components/image"/>
                            </assetToComponentMapping>
                        </cq:authoring>
                        <cq:styleGroups jcr:primaryType="nt:unstructured">
                            <item0
                                cq:styleGroupLabel="Area"
                                jcr:primaryType="nt:unstructured">
                                <cq:styles jcr:primaryType="nt:unstructured">
                                    <item0
                                        cq:styleClasses="cmp-examples-structure__header"
                                        cq:styleId="1545309104202"
                                        cq:styleLabel="Header"
                                        jcr:primaryType="nt:unstructured"/>
                                    <item1
                                        cq:styleClasses="cmp-examples-structure__main"
                                        cq:styleId="1545309110033"
                                        cq:styleLabel="Main"
                                        jcr:primaryType="nt:unstructured"/>
                                    <item3
                                        cq:styleClasses="cmp-examples-structure__footer"
                                        cq:styleId="1551382932159"
                                        cq:styleLabel="Footer"
                                        jcr:primaryType="nt:unstructured"/>
                                </cq:styles>
                            </item0>
                        </cq:styleGroups>
                    </policy_1545309074617>
                </responsivegrid>
            </components>
        </foundation>
    </wcm>
     <core-components-examples jcr:primaryType="nt:unstructured">
        <components jcr:primaryType="nt:unstructured">
            <page jcr:primaryType="nt:unstructured">
                <policy_212634895490169
                    jcr:primaryType="nt:unstructured"
                    jcr:title="Core Components Examples - Page"
                    sling:resourceType="wcm/core/components/policy/policy"
                    ampMode="pairedAmp"
                    appResourcesClientlib="cmp-examples.site"
                    clientlibs="cmp-examples.base">
                    <jcr:content jcr:primaryType="nt:unstructured"/>
                </policy_212634895490169>
            </page>
            <form jcr:primaryType="nt:unstructured">
                <text jcr:primaryType="nt:unstructured">
                    <policy_1550289110975
                        jcr:primaryType="nt:unstructured"
                        jcr:title="Core Components Examples - Form Text"
                        sling:resourceType="wcm/core/components/policy/policy">
                        <jcr:content jcr:primaryType="nt:unstructured"/>
                        <cq:styleGroups jcr:primaryType="nt:unstructured">
                            <item0 jcr:primaryType="nt:unstructured">
                                <cq:styles jcr:primaryType="nt:unstructured">
                                    <item0
                                        cq:styleClasses="cmp-examples-form-text--search"
                                        cq:styleId="1550289148555"
                                        cq:styleLabel="Search"
                                        jcr:primaryType="nt:unstructured"/>
                                </cq:styles>
                            </item0>
                        </cq:styleGroups>
                    </policy_1550289110975>
                </text>
            </form>
            <search jcr:primaryType="nt:unstructured">
                <policy_1572547933941
                    jcr:primaryType="nt:unstructured"
                    jcr:title="Core Components Examples - Search"
                    sling:resourceType="wcm/core/components/policy/policy"
                    resultsSize="30"
                    searchRoot="/content/core-components-examples/library"
                    searchTermMinimumLength="1">
                    <jcr:content jcr:primaryType="nt:unstructured"/>
                </policy_1572547933941>
            </search>
            <teaser jcr:primaryType="nt:unstructured">
                <policy_1547060084604
                    jcr:primaryType="nt:unstructured"
                    jcr:title="Core Components Examples - Teaser"
                    sling:resourceType="wcm/core/components/policy/policy">
                    <jcr:content jcr:primaryType="nt:unstructured"/>
                    <cq:styleGroups jcr:primaryType="nt:unstructured">
                        <item0
                            cq:styleGroupLabel="Variant"
                            jcr:primaryType="nt:unstructured">
                            <cq:styles jcr:primaryType="nt:unstructured">
                                <item0
                                    cq:styleClasses="cmp-examples-teaser--component"
                                    cq:styleId="1547060090076"
                                    cq:styleLabel="Component"
                                    jcr:primaryType="nt:unstructured"/>
                                <item1
                                    cq:styleClasses="cmp-examples-teaser--document"
                                    cq:styleId="1550165685463"
                                    cq:styleLabel="Document"
                                    jcr:primaryType="nt:unstructured"/>
                            </cq:styles>
                        </item0>
                    </cq:styleGroups>
                </policy_1547060084604>
            </teaser>
            <download jcr:primaryType="nt:unstructured">
                <policy_1559906471859
                    jcr:primaryType="nt:unstructured"
                    jcr:title="download"
                    sling:resourceType="wcm/core/components/policy/policy"
                    allowUpload="true"
                    displayFilename="true"
                    displayFormat="true"
                    displaySize="true">
                    <jcr:content jcr:primaryType="nt:unstructured"/>
                </policy_1559906471859>
            </download>
            <embed jcr:primaryType="nt:unstructured">
                <policy_1558686151045
                        jcr:primaryType="nt:unstructured"
                        jcr:title="Core Components Examples - Embed"
                        sling:resourceType="wcm/core/components/policy/policy"
                        allowedEmbeddables="[core/wcm/components/embed/v1/embed/embeddable/youtube]">
                    <jcr:content jcr:primaryType="nt:unstructured"/>
                </policy_1558686151045>
            </embed>
            <title jcr:primaryType="nt:unstructured">
                <policy_1544759499870
                        jcr:primaryType="nt:unstructured"
                        jcr:title="Core Components Examples - Title"
                        sling:resourceType="wcm/core/components/policy/policy"
                        allowedTypes="[h1,h2,h3,h4,h5,h6]"
                        linkDisabled="false"
                        type="h1">
                    <jcr:content jcr:primaryType="nt:unstructured"/>
                    <cq:styleGroups jcr:primaryType="nt:unstructured">
                        <item0
                                cq:styleGroupLabel="Heading"
                                jcr:primaryType="nt:unstructured">
                            <cq:styles jcr:primaryType="nt:unstructured">
                                <item0
                                        cq:styleClasses="cmp-examples-title--heading1"
                                        cq:styleId="1544759629303"
                                        cq:styleLabel="Heading 1"
                                        jcr:primaryType="nt:unstructured"/>
                                <item1
                                        cq:styleClasses="cmp-examples-title--heading2"
                                        cq:styleId="1544759664489"
                                        cq:styleLabel="Heading 2"
                                        jcr:primaryType="nt:unstructured"/>
                                <item2
                                        cq:styleClasses="cmp-examples-title--heading3"
                                        cq:styleId="1544759676459"
                                        cq:styleLabel="Heading 3"
                                        jcr:primaryType="nt:unstructured"/>
                            </cq:styles>
                        </item0>
                    </cq:styleGroups>
                </policy_1544759499870>
            </title>
            <text jcr:primaryType="nt:unstructured">
                <policy_1544762709128
                        jcr:primaryType="nt:unstructured"
                        jcr:title="Core Components Examples - Text"
                        sling:resourceType="wcm/core/components/policy/policy">
                    <jcr:content jcr:primaryType="nt:unstructured"/>
                    <rtePlugins jcr:primaryType="nt:unstructured">
                        <paraformat
                                jcr:primaryType="nt:unstructured"
                                features="*">
                            <formats
                                    jcr:primaryType="nt:unstructured"
                                    override="true">
                                <item0
                                        jcr:primaryType="nt:unstructured"
                                        description="Paragraph"
                                        tag="p"/>
                                <item1
                                        jcr:primaryType="nt:unstructured"
                                        description="Heading 1"
                                        tag="h1"/>
                                <item2
                                        jcr:primaryType="nt:unstructured"
                                        description="Heading 2"
                                        tag="h2"/>
                                <item3
                                        jcr:primaryType="nt:unstructured"
                                        description="Heading 3"
                                        tag="h3"/>
                                <item4
                                        jcr:primaryType="nt:unstructured"
                                        description="Heading 4"
                                        tag="h4"/>
                                <item5
                                        jcr:primaryType="nt:unstructured"
                                        description="Heading 5"
                                        tag="h5"/>
                                <item6
                                        jcr:primaryType="nt:unstructured"
                                        description="Heading 6"
                                        tag="h6"/>
                                <item7
                                        jcr:primaryType="nt:unstructured"
                                        description="Quote"
                                        tag="blockquote"/>
                                <item8
                                        jcr:primaryType="nt:unstructured"
                                        description="Horizontal Rule (visual line break)"
                                        tag="hr"/>
                                <item9
                                        jcr:primaryType="nt:unstructured"
                                        description="Preformatted"
                                        tag="pre"/>
                                <item10
                                        jcr:primaryType="nt:unstructured"
                                        description="Code"
                                        tag="code"/>
                            </formats>
                        </paraformat>
                        <misctools
                                jcr:primaryType="nt:unstructured"
                                features="sourceedit">
                            <specialCharsConfig jcr:primaryType="nt:unstructured">
                                <chars
                                        jcr:primaryType="nt:unstructured"
                                        override="true">
                                    <item0
                                            jcr:primaryType="nt:unstructured"
                                            entity="&amp;copy;"
                                            name="copyright"/>
                                    <item1
                                            jcr:primaryType="nt:unstructured"
                                            entity="&amp;euro;"
                                            name="euro"/>
                                    <item2
                                            jcr:primaryType="nt:unstructured"
                                            entity="&amp;reg;"
                                            name="registered"/>
                                    <item3
                                            jcr:primaryType="nt:unstructured"
                                            entity="&amp;trade;"
                                            name="trademark"/>
                                </chars>
                            </specialCharsConfig>
                        </misctools>
                        <edit
                                jcr:primaryType="nt:unstructured"
                                features="-"/>
                        <findreplace
                                jcr:primaryType="nt:unstructured"
                                features="-"/>
                        <undo
                                jcr:primaryType="nt:unstructured"
                                features="-"/>
                        <spellcheck
                                jcr:primaryType="nt:unstructured"
                                features="-"/>
                        <image
                                jcr:primaryType="nt:unstructured"
                                features="-"/>
                        <table
                                jcr:primaryType="nt:unstructured"
                                features="*"/>
                        <lists
                                jcr:primaryType="nt:unstructured"
                                features="*"/>
                        <justify
                                jcr:primaryType="nt:unstructured"
                                features="*"/>
                        <format
                                jcr:primaryType="nt:unstructured"
                                features="bold,italic,underline"/>
                        <links
                                jcr:primaryType="nt:unstructured"
                                features="modifylink,unlink"/>
                        <subsuperscript
                                jcr:primaryType="nt:unstructured"
                                features="*"/>
                    </rtePlugins>
                    <cq:styleGroups jcr:primaryType="nt:unstructured">
                        <item0
                                cq:styleGroupLabel="Variant"
                                jcr:primaryType="nt:unstructured">
                            <cq:styles jcr:primaryType="nt:unstructured">
                                <item0
                                        cq:styleClasses="cmp-examples-text--page-title"
                                        cq:styleId="1644862132301"
                                        cq:styleLabel="Page Title"
                                        jcr:primaryType="nt:unstructured"/>
                                <item1
                                        cq:styleClasses="cmp-examples-text--hero"
                                        cq:styleId="1544762734201"
                                        cq:styleLabel="Hero"
                                        jcr:primaryType="nt:unstructured"/>
                                <item3
                                        cq:styleClasses="cmp-examples-text--no-results"
                                        cq:styleId="1550360114923"
                                        cq:styleLabel="No Results"
                                        jcr:primaryType="nt:unstructured"/>
                            </cq:styles>
                        </item0>
                    </cq:styleGroups>
                </policy_1544762709128>
            </text>
            <separator jcr:primaryType="nt:unstructured">
                <policy_1550355088949
                        jcr:primaryType="nt:unstructured"
                        jcr:title="Core Components Examples - Separator"
                        sling:resourceType="wcm/core/components/policy/policy">
                    <jcr:content jcr:primaryType="nt:unstructured"/>
                    <cq:styleGroups jcr:primaryType="nt:unstructured">
                        <item0
                                cq:styleGroupLabel="Variant"
                                jcr:primaryType="nt:unstructured">
                            <cq:styles jcr:primaryType="nt:unstructured">
                                <item0
                                        cq:styleClasses="cmp-examples-separator--thin"
                                        cq:styleId="1550355113852"
                                        cq:styleLabel="Thin"
                                        jcr:primaryType="nt:unstructured"/>
                            </cq:styles>
                        </item0>
                    </cq:styleGroups>
                </policy_1550355088949>
            </separator>
            <container jcr:primaryType="nt:unstructured">
                <policy_1559057070844
                        jcr:primaryType="nt:unstructured"
                        jcr:title="Core Components Examples - Container"
                        sling:resourceType="wcm/core/components/policy/policy"
                        backgroundColorEnabled="true"
                        backgroundImageEnabled="true">
                    <jcr:content jcr:primaryType="nt:unstructured"/>
                    <cq:styleGroups jcr:primaryType="nt:unstructured">
                        <item0 jcr:primaryType="nt:unstructured">
                            <cq:styles jcr:primaryType="nt:unstructured">
                                <item0
                                        cq:styleClasses="cmp-examples-container--component-group"
                                        cq:styleId="1579016386576"
                                        cq:styleLabel="Component Group"
                                        jcr:primaryType="nt:unstructured"/>
                            </cq:styles>
                        </item0>
                    </cq:styleGroups>
                </policy_1559057070844>
            </container>
        </components>
    </core-components-examples>
</jcr:root>
