<?xml version="1.0" encoding="UTF-8"?>
<jcr:root xmlns:sling="http://sling.apache.org/jcr/sling/1.0" xmlns:cq="http://www.day.com/jcr/cq/1.0" xmlns:jcr="http://www.jcp.org/jcr/1.0" xmlns:nt="http://www.jcp.org/jcr/nt/1.0"
    jcr:primaryType="cq:Page">
    <jcr:content
        cq:tags="[core-components-examples:component-type/page-authoring]"
        cq:template="/conf/core-components-examples/settings/wcm/templates/content-page"
        jcr:description="Add social sharing links"
        jcr:primaryType="cq:PageContent"
        jcr:title="Social Sharing"
        sling:resourceType="core-components-examples/components/page"
        socialMedia="[facebook,pinterest]">
        <root
            jcr:primaryType="nt:unstructured"
            sling:resourceType="wcm/foundation/components/responsivegrid">
            <responsivegrid
                jcr:primaryType="nt:unstructured"
                sling:resourceType="wcm/foundation/components/responsivegrid">
                <text_1740702241
                    cq:styleIds="[1644862132301]"
                    jcr:primaryType="nt:unstructured"
                    sling:resourceType="core-components-examples/components/text"
                    text="&lt;h1>Social Sharing&lt;sub>v1&lt;/sub>&lt;/h1>"
                    textIsRich="true"/>
                <text
                    cq:styleIds="[1544762734201]"
                    jcr:primaryType="nt:unstructured"
                    sling:resourceType="core-components-examples/components/text"
                    text="&lt;p>Social Sharing adds Facebook and Pinterest share links to the page. It is often included in page headers or footers.&lt;/p>"
                    textIsRich="true"/>
                <teaser
                    cq:styleIds="[1550165685463]"
                    jcr:description="&lt;p>GitHub&lt;/p>"
                    jcr:primaryType="nt:unstructured"
                    jcr:title="Technical Documentation"
                    sling:resourceType="core-components-examples/components/teaser"
                    actionsEnabled="false"
                    descriptionFromPage="false"
                    fileReference="/content/dam/core-components-examples/library/github-logo.svg"
                    linkURL="https://www.adobe.com/go/aem_cmp_tech_sharing_v1"
                    textIsRich="true"
                    titleFromPage="false"/>
                <teaser_556024830
                    cq:styleIds="[1550165685463]"
                    jcr:description="&lt;p>Adobe Help Center&lt;/p>"
                    jcr:primaryType="nt:unstructured"
                    jcr:title="Using Core Components"
                    sling:resourceType="core-components-examples/components/teaser"
                    actionsEnabled="false"
                    descriptionFromPage="false"
                    fileReference="/content/dam/core-components-examples/library/adobe-logo.svg"
                    linkURL="https://www.adobe.com/go/aem_cmp_sharing_v1"
                    textIsRich="true"
                    titleFromPage="false"/>
                <title_865328580
                    cq:styleIds="[1544759664489]"
                    jcr:primaryType="nt:unstructured"
                    jcr:title="Examples"
                    sling:resourceType="core-components-examples/components/title"
                    type="h2"/>
                <title_290384408
                    cq:styleIds="[1544759676459]"
                    jcr:primaryType="nt:unstructured"
                    jcr:title="Standard"
                    sling:resourceType="core-components-examples/components/title"
                    type="h3"/>
                <text_1337506761
                    jcr:primaryType="nt:unstructured"
                    sling:resourceType="core-components-examples/components/text"
                    text="&lt;p>Social Sharing with Facebook and Pinterest links.&lt;/p>"
                    textIsRich="true"/>
                <demo
                    jcr:primaryType="nt:unstructured"
                    sling:resourceType="core-components-examples/components/demo">
                    <component
                        jcr:primaryType="nt:unstructured"
                        sling:resourceType="core-components-examples/components/demo/component">
                        <sharing
                            jcr:primaryType="nt:unstructured"
                            sling:resourceType="core-components-examples/components/sharing"/>
                    </component>
                    <info
                        jcr:primaryType="nt:unstructured"
                        sling:resourceType="core-components-examples/components/tabs">
                        <properties
                            cq:panelTitle="Properties"
                            jcr:primaryType="nt:unstructured"
                            sling:resourceType="core-components-examples/components/demo/properties"
                            reference="../../component"/>
                        <markup
                            cq:panelTitle="Markup"
                            jcr:primaryType="nt:unstructured"
                            sling:resourceType="core-components-examples/components/demo/markup"
                            reference="../../component"/>
                        <json
                            cq:panelTitle="JSON"
                            jcr:primaryType="nt:unstructured"
                            sling:resourceType="core-components-examples/components/demo/json"
                            reference="../../component"/>
                    </info>
                </demo>
            </responsivegrid>
        </root>
        <image jcr:primaryType="nt:unstructured">
            <file/>
        </image>
    </jcr:content>
</jcr:root>
